MAE,MAPE,Accuracy
7.1412534360532405,0.012013620667029545,0.9879863793329704
