MAE,MAPE,Accuracy
11.222048158998843,0.01890137645187461,0.9810986235481254
