MAE,MAPE,Accuracy
11.194968894675926,0.019020438512255034,0.980979561487745
