MAE,MAPE,Accuracy
10.855527524594907,0.01849156182730404,0.981508438172696
