MAE,MAPE,Accuracy
8.500630696614584,0.01424062746969662,0.9857593725303033
